Player Id,Name,Retired,Age,Height (inches),Weight (lbs),First_Year,Last_Year,Experience,Total_Games,Passes Completed,Passes Attempted,Passing Yards,Sacks,Ints,TD Passes,Rushing Yards,TD_INT,RUN_PASS
a.j.feeley/2504566,"Feeley, A.J.",1,40,75,216,2001,2011,11,28,425,762,4618,44,31,28,49,0.9032258064516129,0.01061065396275444
aaronrodgers/2506363,"Rodgers, Aaron",0,33,74,225,2005,2016,12,142,3034,4657,36827,341,72,297,2544,4.125,0.06907975126944904
ajmccarron/2543497,"McCarron, AJ",0,26,75,220,2014,2016,3,8,79,119,854,12,2,6,31,3,0.03629976580796253
alanrisher/2524210,"Risher, Alan",1,56,74,190,1985,1987,3,19,44,74,564,12,3,3,74,1,0.13120567375886524
alexespinoza/2513700,"Espinoza, Alex",1,53,73,193,1987,1987,1,1,9,14,69,2,2,0,5,0,0.07246376811594203
alexsmith/2506340,"Smith, Alex",0,33,76,217,2005,2016,12,141,2536,4108,27846,353,91,157,2078,1.7252747252747254,0.07462472168354521
alextanney/2534870,"Tanney, Alex",0,29,76,220,2013,2016,4,1,10,14,99,3,0,1,0,1,0
alexvanpelt/2503454,"Van Pelt, Alex",1,47,73,220,1993,2003,11,31,262,477,2985,19,24,16,53,0.6666666666666666,0.017755443886097153
alpastrana/2522827,"Pastrana, Al",1,72,73,190,1970,1970,1,4,25,67,371,8,9,1,82,0.1111111111111111,0.2210242587601078
andreware/2503535,"Ware, Andre",1,48,74,205,1990,1993,4,14,83,161,1112,27,8,5,217,0.625,0.19514388489208634
andrewluck/2533031,"Luck, Andrew",0,27,76,240,2012,2016,5,70,1570,2651,19078,156,68,132,1442,1.9411764705882353,0.07558444281371213
andrewwalter/2506408,"Walter, Andrew",1,35,78,230,2005,2008,4,15,174,333,1919,51,16,3,49,0.1875,0.02553413236060448
andydalton/2495143,"Dalton, Andy",0,29,74,220,2011,2016,6,93,1920,3060,22214,181,81,142,950,1.7530864197530864,0.04276582335464122
andyhall/2505960,"Hall, Andy",1,36,73,218,2005,2005,1,0,0,0,0,0,0,0,0,0,0
anthonydilweg/2512941,"Dilweg, Anthony",1,52,75,215,1989,1990,2,10,102,193,1274,22,7,8,114,1.1428571428571428,0.08948194662480377
archiemanning/2520076,"Manning, Archie",1,68,75,212,1971,1984,14,148,1986,3593,23512,389,169,122,2099,0.7218934911242604,0.0892735624362028
artschlichter/2525042,"Schlichter, Art",1,57,75,210,1982,1985,4,13,91,202,1006,28,11,3,161,0.2727272727272727,0.16003976143141152
babelaufenberg/2519150,"Laufenberg, Babe",1,57,74,198,1983,1990,8,16,93,211,1057,22,11,5,126,0.45454545454545453,0.11920529801324503
benroethlisberger/2506109,"Roethlisberger, Ben",0,35,77,240,2004,2016,13,185,3804,5932,46814,456,160,301,1205,1.88125,0.02574016319904302
bernardquarles/2523635,"Quarles, Bernard",1,57,74,215,1987,1987,1,1,1,3,40,0,1,1,8,1,0.2
berniekosar/2501648,"Kosar, Bernie",1,53,77,214,1985,1996,12,125,1973,3323,23103,270,86,124,260,1.441860465116279,0.01125394970350171
billcappleman/2511038,"Cappleman, Bill",1,70,75,210,1970,1973,4,8,9,18,82,0,1,0,-2,0,-0.024390243902439025
billdemory/2512778,"Demory, Bill",1,66,74,195,1973,1974,2,7,12,39,159,8,8,2,-1,0.25,-0.006289308176100629
billkenney/2518350,"Kenney, Bill",1,62,76,211,1979,1988,10,105,1330,2430,17277,195,86,105,191,1.2209302325581395,0.011055160039358684
billnelsen/2522007,"Nelsen, Bill",1,76,72,195,1970,1972,3,30,347,669,4616,33,42,29,-24,0.6904761904761905,-0.005199306759098787
billransdell/2523746,"Ransdell, Bill",1,54,74,212,1988,1988,1,0,0,0,0,0,0,0,0,0,0
billyjoetolliver/2503371,"Tolliver, Billy Joe",1,51,73,217,1989,2000,12,79,891,1707,10760,125,64,59,320,0.921875,0.02973977695167286
billykilmer/2518441,"Kilmer, Billy",1,77,72,204,1970,1978,9,93,1068,1991,13646,134,87,106,127,1.2183908045977012,0.009306756558698519
billyvolek/2503939,"Volek, Billy",1,41,74,214,2000,2011,12,39,337,561,3754,49,15,27,28,1.8,0.007458710708577517
blainegabbert/2495441,"Gabbert, Blaine",0,27,76,235,2011,2016,6,43,686,1226,7351,110,37,38,549,1.027027027027027,0.07468371650115631
blairkiel/2501608,"Kiel, Blair",1,NA,72,200,1984,1991,8,25,108,193,1296,15,7,8,105,1.1428571428571428,0.08101851851851852
blakebortles/2543477,"Bortles, Blake",0,25,77,239,2014,2016,3,46,1003,1706,11241,140,51,69,1088,1.3529411764705883,0.09678854194466685
bobbelden/2509327,"Belden, Bob",1,69,74,210,1970,1970,1,0,0,0,0,0,0,0,0,0,0
bobbyscott/2525221,"Scott, Bobby",1,68,73,201,1972,1982,11,41,237,500,2781,51,28,15,74,0.5357142857142857,0.02660913340524991
bobdavis/2512622,"Davis, Bob",1,71,74,205,1970,1973,4,30,70,177,818,25,11,12,207,1.0909090909090908,0.2530562347188264
bobgagliano/2500736,"Gagliano, Bob",1,58,75,205,1981,1995,15,32,249,486,3431,50,27,17,352,0.6296296296296297,0.10259399591955698
bobleahy/2519217,"Leahy, Bob",1,70,74,205,1971,1971,1,1,3,11,18,1,1,0,-6,0,-0.3333333333333333
boblee/2519294,"Lee, Bob",1,71,74,195,1970,1980,11,63,361,719,4955,93,40,29,188,0.725,0.03794147325933401
bobnaponic/2521949,"Naponic, Bob",1,70,72,190,1970,1970,1,2,6,20,85,8,2,0,12,0,0.1411764705882353
boomeresiason/2500562,"Esiason, Boomer",1,56,77,224,1984,1997,14,187,2969,5205,37920,318,184,247,1598,1.3423913043478262,0.042141350210970464
bradgoebel/2500825,"Goebel, Brad",1,49,75,214,1991,1995,5,7,32,59,299,6,6,0,2,0,0.006688963210702341
bradjohnson/2501411,"Johnson, Brad",1,48,77,235,1992,2008,17,177,2668,4326,29054,251,122,166,657,1.360655737704918,0.022613065326633167
bradleevanpelt/2505971,"Van Pelt, Bradlee",1,36,74,220,2005,2006,2,3,2,8,7,0,0,0,48,0,6.857142857142857
bradyquinn/2495714,"Quinn, Brady",1,32,75,235,2007,2013,7,24,296,550,3043,41,17,12,185,0.7058823529411765,0.060795267827801515
brandonallen/2555365,"Allen, Brandon",0,24,74,219,2016,2016,1,0,0,0,0,0,0,0,0,0,0
brandondoughty/2555302,"Doughty, Brandon",0,25,75,217,2016,2016,1,0,0,0,0,0,0,0,0,0,0
brandonweeden/2532970,"Weeden, Brandon",0,33,76,230,2012,2016,5,34,559,965,6462,66,30,31,201,1.0333333333333334,0.031104921077065924
brendanfolmar/2514202,"Folmar, Brendan",1,53,73,200,1987,1987,1,1,0,0,0,0,0,0,0,0,0
brentpease/2522942,"Pease, Brent",1,52,74,201,1987,1988,2,20,62,135,792,7,9,3,31,0.3333333333333333,0.039141414141414144
brettbasanez/2495803,"Basanez, Brett",1,34,73,208,2006,2009,4,1,6,11,56,0,1,0,2,0,0.03571428571428571
brettfavre/2500606,"Favre, Brett",1,47,74,222,1991,2010,20,302,6300,10169,71838,525,336,508,1844,1.5119047619047619,0.025668866059745537
bretthundley/2552588,"Hundley, Brett",0,23,75,226,2015,2016,2,4,2,10,17,0,1,0,-2,0,-0.11764705882352941
brettratliff/2507276,"Ratliff, Brett",1,31,76,224,2008,2010,3,0,0,0,0,0,0,0,0,0,0
brianhoyer/81294,"Hoyer, Brian",0,31,74,215,2009,2016,8,49,714,1199,8608,65,26,44,117,1.6923076923076923,0.013592007434944238
brianransom/2523747,"Ransom, Brian",1,56,75,205,1983,1985,3,0,0,0,0,0,0,0,0,0,0
brockosweiler/2533436,"Osweiler, Brock",0,26,80,235,2012,2016,5,36,488,815,5083,52,22,26,181,1.1818181818181819,0.035608892386385996
browningnagle/2502257,"Nagle, Browning",1,49,75,220,1991,1996,6,24,213,437,2489,36,20,8,68,0.4,0.027320208919244676
brucemathison/2520334,"Mathison, Bruce",1,58,75,205,1983,1987,5,18,152,309,2177,28,20,7,245,0.35,0.11254019292604502
brycepetty/2552369,"Petty, Bryce",0,26,75,230,2015,2016,2,6,75,133,809,13,7,3,19,0.42857142857142855,0.023485784919653894
buckyrichardson/2502648,"Richardson, Bucky",1,48,73,228,1992,1994,3,16,97,185,1257,25,6,6,225,1,0.17899761336515513
buddylee/2519272,"Lee, Buddy",1,69,76,215,1971,1971,1,0,0,0,0,0,0,0,0,0,0
byronleftwich/2505673,"Leftwich, Byron",1,37,77,250,2003,2012,10,60,930,1605,10532,92,42,58,415,1.380952380952381,0.03940372199012533
calebhanie/2507385,"Hanie, Caleb",1,31,74,235,2008,2013,6,10,59,116,679,21,10,3,97,0.3,0.14285714285714285
camnewton/2495455,"Newton, Cam",0,28,77,245,2011,2016,6,93,1710,2928,21772,221,78,136,3566,1.7435897435897436,0.16378835201175823
cardalejones/2555426,"Jones, Cardale",0,24,77,250,2016,2016,1,1,6,11,96,1,1,0,-1,0,-0.010416666666666666
carsonpalmer/2505245,"Palmer, Carson",0,37,77,235,2003,2016,14,175,3777,6040,44269,318,180,285,462,1.5833333333333333,0.01043619688721227
carsonwentz/2555259,"Wentz, Carson",0,24,77,237,2016,2016,1,16,379,607,3782,33,14,16,150,1.1428571428571428,0.03966155473294553
casekeenum/2532888,"Keenum, Case",0,29,73,205,2013,2016,4,26,454,777,5224,49,20,24,163,1.2,0.031202143950995406
caseyweldon/2503589,"Weldon, Casey",1,48,73,206,1993,1999,7,26,60,120,713,12,4,1,0,0.25,0
chadhenne/252,"Henne, Chad",0,31,75,219,2008,2016,9,65,1159,1954,12931,149,63,58,360,0.9206349206349206,0.027840074240197975
chadmay/2501919,"May, Chad",1,45,73,219,1995,1996,2,0,0,0,0,0,0,0,0,0,0
chadpennington/2504181,"Pennington, Chad",1,40,75,225,2000,2010,11,89,1632,2471,17823,162,64,102,465,1.59375,0.026089883857936376
chandlerharnish/2532856,"Harnish, Chandler",1,28,74,222,2012,2014,3,0,0,0,0,0,0,0,0,0,0
charleyjohnson/2517588,"Johnson, Charley",1,78,73,200,1970,1975,6,74,672,1278,8948,102,67,58,19,0.8656716417910447,0.0021233795261510952
charliebatch/2499567,"Batch, Charlie",1,42,74,216,1998,2012,15,80,908,1604,11085,161,52,61,637,1.1730769230769231,0.057465042850699144
chasedaniel/81284,"Daniel, Chase",0,30,72,225,2009,2016,8,56,51,78,480,7,1,1,95,1,0.19791666666666666
chrischandler/2500048,"Chandler, Chris",1,51,76,224,1988,2004,17,180,2328,4005,28484,380,146,170,1310,1.1643835616438356,0.04599073163881477
chrisdittoe/2500407,"Dittoe, Chris",1,43,77,232,1998,1998,1,0,0,0,0,0,0,0,0,0,0
chrisredman/2504314,"Redman, Chris",1,39,75,225,2000,2011,12,30,286,500,3179,34,14,21,25,1.5,0.007864108210128971
christianhackenberg/2555416,"Hackenberg, Christian",0,22,76,228,2016,2016,1,0,0,0,0,0,0,0,0,0,0
christianponder/2495215,"Ponder, Christian",0,29,74,230,2011,2016,6,38,632,1057,6658,95,36,38,639,1.0555555555555556,0.09597476719735656
chrisweinke/2504686,"Weinke, Chris",1,44,76,232,2001,2007,7,29,386,709,3904,47,26,15,148,0.5769230769230769,0.03790983606557377
cleolemon/2504793,"Lemon, Cleo",1,37,74,215,2004,2008,5,15,211,379,2185,30,7,8,106,1.1428571428571428,0.04851258581235698
cliffolander/2522428,"Olander, Cliff",1,62,77,191,1977,1981,5,15,12,24,125,3,3,0,27,0,0.216
codycarlson/2499989,"Carlson, Cody",1,53,75,202,1987,1994,8,45,370,659,4469,54,28,21,217,0.75,0.048556724099351085
codykessler/2555387,"Kessler, Cody",0,24,73,215,2016,2016,1,9,128,195,1380,21,2,6,18,3,0.013043478260869565
codypickett/2505931,"Pickett, Cody",1,36,75,227,2004,2005,2,6,18,45,195,5,4,0,47,0,0.24102564102564103
colinkaepernick/2495186,"Kaepernick, Colin",0,29,76,230,2011,2016,6,69,1011,1692,12271,171,30,72,2300,2.4,0.18743378697742646
coltmccoy/497123,"McCoy, Colt",0,30,73,215,2010,2016,7,35,508,842,5586,77,23,26,420,1.1304347826086956,0.07518796992481203
connorcook/2555332,"Cook, Connor",0,24,76,217,2016,2016,1,1,14,21,150,2,1,1,0,1,0
connorshaw/2550252,"Shaw, Connor",1,25,73,210,2014,2014,1,1,14,28,177,4,1,0,9,0,0.05084745762711865
corysauter/2502842,"Sauter, Cory",1,42,76,216,1999,2003,5,1,6,9,59,0,0,0,8,0,0.13559322033898305
craigerickson/2500559,"Erickson, Craig",1,48,74,213,1992,1999,8,52,591,1092,7625,82,38,41,201,1.0789473684210527,0.026360655737704918
craignall/2505146,"Nall, Craig",1,38,75,245,2002,2008,7,7,30,48,402,3,0,5,11,5,0.02736318407960199
craigpenrose/2522986,"Penrose, Craig",1,63,75,211,1976,1980,5,18,55,117,711,5,12,5,21,0.4166666666666667,0.029535864978902954
craigwhelihan/2503609,"Whelihan, Craig",1,46,77,220,1995,1998,4,19,267,557,3160,36,29,14,67,0.4827586206896552,0.02120253164556962
cullenfinnerty/2507303,"Finnerty, Cullen",1,NA,74,223,2007,2007,1,0,0,0,0,0,0,0,0,0,0
curtispainter/81300,"Painter, Curtis",1,31,76,230,2009,2013,5,14,148,287,1681,20,13,6,109,0.46153846153846156,0.06484235574063058
dakprescott/2555260,"Prescott, Dak",0,23,74,226,2016,2016,1,16,311,459,3667,25,4,23,282,5.75,0.07690209980910827
dandarragh/2512467,"Darragh, Dan",1,70,75,196,1970,1970,1,3,11,29,71,5,2,0,26,0,0.36619718309859156
danfouts/2514293,"Fouts, Dan",1,65,75,204,1973,1987,15,180,3289,5588,42905,319,241,253,460,1.049792531120332,0.010721361146719496
dangonzalez/2500833,"Gonzalez, Dan",1,42,75,214,1998,1998,1,0,0,0,0,0,0,0,0,0,0
danlefevour/497119,"LeFevour, Dan",1,30,75,230,2010,2011,2,0,0,0,0,0,0,0,0,0,0
danmanucci/2520096,"Manucci, Dan",1,59,74,196,1979,1987,9,19,12,27,132,8,2,0,35,0,0.26515151515151514
danmarino/2501869,"Marino, Dan",1,55,76,228,1983,1999,17,242,4967,8358,61361,270,252,420,87,1.6666666666666667,0.0014178386923290038
dannykanell/2501560,"Kanell, Danny",1,43,75,218,1996,2004,9,42,471,919,4961,57,33,30,41,0.9090909090909091,0.008264462809917356
danorlovsky/2506481,"Orlovsky, Dan",0,33,77,215,2005,2016,12,26,298,512,3132,29,13,15,34,1.1538461538461537,0.010855683269476373
danpastorini/2522826,"Pastorini, Dan",1,68,74,208,1971,1983,13,139,1556,3055,18515,246,161,103,685,0.639751552795031,0.036997029435592764
darrellhackney/2495842,"Hackney, Darrell",1,33,72,248,2007,2008,2,0,0,0,0,0,0,0,0,0,0
darylelamonica/2519016,"Lamonica, Daryle",1,75,75,215,1970,1974,5,48,424,854,6091,53,51,53,60,1.0392156862745099,0.009850599244787392
davebarr/2499554,"Barr, Dave",1,45,75,210,1995,1995,1,2,5,9,42,1,0,0,5,0,0.11904761904761904
davedickenson/2504341,"Dickenson, Dave",1,44,71,185,2001,2002,2,0,0,0,0,0,0,0,0,0,0
davelewis/2519428,"Lewis, Dave",1,71,74,216,1970,1973,4,56,6,14,57,4,0,0,22,0,0.38596491228070173
davemays/2520441,"Mays, Dave",1,67,73,204,1976,1978,3,12,80,156,937,9,11,7,16,0.6363636363636364,0.017075773745997867
daverader/2523678,"Rader, Dave",1,60,75,215,1979,1979,1,0,0,0,0,0,0,0,0,0,0
daveragone/2505594,"Ragone, Dave",1,37,75,221,2003,2005,3,2,20,40,135,8,1,0,51,0,0.37777777777777777
davewalter/2528179,"Walter, Dave",1,52,75,230,1987,1987,1,3,10,21,113,2,0,0,70,0,0.6194690265486725
davidarcher/2499447,"Archer, David",1,55,74,200,1984,1992,9,54,320,626,4161,84,27,17,671,0.6296296296296297,0.1612593126652247
davidcarr/2504804,"Carr, David",1,37,75,212,2002,2012,11,94,1353,2267,14452,267,71,65,1328,0.9154929577464789,0.09189039579296983
davidfales/2543751,"Fales, David",0,26,73,212,2014,2016,3,1,2,5,22,1,0,0,0,0,0
davidgarrard/2505101,"Garrard, David",1,39,73,236,2002,2013,12,86,1406,2281,16003,179,54,89,1746,1.6481481481481481,0.10910454289820659
davidjaynes/2517445,"Jaynes, David",1,64,74,212,1974,1974,1,2,0,2,0,0,1,0,0,0,0
davidklingler/2501636,"Klingler, David",1,48,75,215,1992,1997,6,33,389,718,3994,87,22,16,456,0.7272727272727273,0.11417125688532799
davidlindley/2519522,"Lindley, David",1,52,72,190,1987,1987,1,0,0,0,0,0,0,0,0,0,0
davidnorrie/2522252,"Norrie, David",1,53,76,220,1987,1987,1,2,35,68,376,15,4,1,5,0.25,0.013297872340425532
davidrivers/2504411,"Rivers, David",1,39,74,221,2004,2004,1,0,0,0,0,0,0,0,0,0,0
deancarlson/2511074,"Carlson, Dean",1,66,75,210,1972,1974,3,1,7,15,116,2,1,0,17,0,0.14655172413793102
deanmay/2520411,"May, Dean",1,55,77,220,1984,1987,4,5,1,6,33,1,1,0,-4,0,-0.12121212121212122
dennisshaw/2525401,"Shaw, Dennis",1,70,75,217,1970,1978,9,48,461,872,6014,122,66,30,375,0.45454545454545453,0.06235450615231127
derekanderson/2506546,"Anderson, Derek",0,33,78,235,2005,2016,12,73,865,1596,10396,76,60,60,229,1,0.022027702962677954
derekcarr/2543499,"Carr, Derek",0,26,75,215,2014,2016,3,47,1055,1732,11194,71,31,81,300,2.6129032258064515,0.026800071466857246
dominiquedavis/2532829,"Davis, Dominique",1,27,75,210,2012,2013,2,1,5,7,34,0,0,0,0,0,0
dongault/2514710,"Gault, Don",1,70,74,190,1970,1970,1,2,2,19,67,1,3,0,0,0,0
donmajkowski/2501847,"Majkowski, Don",1,53,74,208,1987,1996,10,89,1046,1884,12579,177,67,65,1098,0.9701492537313433,0.08728833770569998
dougflutie/2500660,"Flutie, Doug",1,54,70,180,1986,2005,20,92,1177,2151,14715,107,68,86,1634,1.2647058823529411,0.1110431532449881
douggaynor/2514730,"Gaynor, Doug",1,53,74,205,1986,1986,1,1,3,3,30,1,0,0,4,0,0.13333333333333333
dougjohnson/2503961,"Johnson, Doug",1,39,74,218,2000,2006,7,25,218,384,2600,38,18,13,58,0.7222222222222222,0.022307692307692306
dougnussmeier/2502319,"Nussmeier, Doug",1,46,75,211,1994,1998,5,5,46,82,455,9,4,1,36,0.25,0.07912087912087912
dougpederson/2502434,"Pederson, Doug",1,49,75,222,1993,2004,12,100,286,522,2762,40,19,12,100,0.631578947368421,0.036205648081100654
drewbrees/2504775,"Brees, Drew",0,38,72,209,2001,2016,16,233,5836,8758,66111,358,220,465,724,2.1136363636363638,0.010951278909712453
drewolson/2506840,"Olson, Drew",1,34,74,222,2007,2007,1,0,0,0,0,0,0,0,0,0,0
drewstanton/2495748,"Stanton, Drew",0,33,75,243,2008,2016,9,33,266,500,3165,31,19,14,213,0.7368421052631579,0.06729857819905213
edbaker/2508870,"Baker, Ed",1,69,74,200,1971,1972,2,1,4,10,47,2,4,0,9,0,0.19148936170212766
eddhargett/2515836,"Hargett, Edd",1,69,71,185,1970,1973,4,39,153,337,2053,17,9,10,31,1.1111111111111112,0.01509985387238188
ejmanuel/2539228,"Manuel, EJ",0,27,76,237,2013,2016,4,28,319,547,3502,43,15,19,324,1.2666666666666666,0.09251856082238721
elimanning/2505996,"Manning, Eli",0,36,76,218,2004,2016,13,201,4072,6825,48214,328,215,320,514,1.4883720930232558,0.010660803915875056
ericzeier/2503851,"Zeier, Eric",1,44,73,214,1995,2000,6,28,301,537,3520,59,15,16,127,1.0666666666666667,0.036079545454545454
erikainge/363,"Ainge, Erik",1,30,77,221,2008,2009,2,0,0,0,0,0,0,0,0,0,0
frankpatrick/2522839,"Patrick, Frank",1,70,79,225,1970,1972,3,4,8,23,107,7,2,0,5,0,0.04672897196261682
frankreich/2502624,"Reich, Frank",1,55,76,210,1985,1998,14,118,508,932,6075,68,36,40,78,1.1111111111111112,0.012839506172839505
frankseurer/2525343,"Seurer, Frank",1,54,73,195,1986,1987,2,9,26,55,340,10,4,0,33,0,0.09705882352941177
frantarkenton/2527019,"Tarkenton, Fran",1,77,72,190,1970,1978,9,118,2009,3365,23370,233,126,154,983,1.2222222222222223,0.04206247325631151
galegilbert/2500803,"Gilbert, Gale",1,55,75,209,1985,1995,11,58,146,259,1544,19,12,9,20,0.75,0.012953367875647668
garrettgrayson/2552371,"Grayson, Garrett",0,26,74,220,2015,2015,1,0,0,0,0,0,0,0,0,0,0
garydanielson/2512449,"Danielson, Gary",1,65,74,195,1976,1988,13,100,1082,1894,13489,175,76,80,855,1.0526315789473684,0.06338498035436281
garykeithley/2518235,"Keithley, Gary",1,66,75,210,1973,1975,3,13,32,73,369,5,5,1,29,0.2,0.07859078590785908
garymarangi/2520112,"Marangi, Gary",1,64,73,201,1974,1976,3,19,104,283,1373,25,21,12,328,0.5714285714285714,0.23889293517844137
genosmith/2539335,"Smith, Geno",0,26,75,221,2013,2016,4,33,501,866,5962,77,36,28,647,0.7777777777777778,0.10852063066085206
gibranhamdan/2505614,"Hamdan, Gibran",1,36,76,220,2003,2009,7,1,1,2,7,1,0,0,0,0,0
giffordnielsen/2522154,"Nielsen, Gifford",1,62,76,205,1978,1983,6,55,273,498,3255,47,22,20,89,0.9090909090909091,0.027342549923195084
gilbertrenfroe/2523967,"Renfroe, Gilbert",1,54,73,195,1990,1990,1,0,0,0,0,0,0,0,0,0,0
giovannicarmazzi/2504269,"Carmazzi, Giovanni",1,40,75,224,2000,2000,1,0,0,0,0,0,0,0,0,0,0
glenncarano/2511047,"Carano, Glenn",1,61,75,201,1977,1983,7,36,21,57,304,2,1,3,15,3,0.049342105263157895
glennfoley/2500666,"Foley, Glenn",1,46,74,220,1994,1999,6,21,207,382,2469,27,16,12,32,0.75,0.012960712839206157
glenninverso/2517174,"Inverso, Glenn",1,58,73,199,1984,1984,1,0,0,0,0,0,0,0,0,0,0
grahamharrell/71321,"Harrell, Graham",1,32,74,215,2010,2012,3,4,2,4,20,0,0,0,-3,0,-0.15
greggtipton/2527460,"Tipton, Gregg",1,52,75,191,1987,1987,1,0,0,0,0,0,0,0,0,0,0
gregknafelc/2518624,"Knafelc, Greg",1,58,76,220,1983,1983,1,6,0,0,0,0,0,0,0,0,0
greglandry/2519027,"Landry, Greg",1,70,76,210,1970,1984,15,129,1151,2038,14519,277,82,88,2235,1.0731707317073171,0.15393622150285832
halchealander/2511386,"Chealander, Hal",1,NA,76,218,1974,1974,1,0,0,0,0,0,0,0,0,0,0
huntercantwell/81278,"Cantwell, Hunter",1,31,76,236,2009,2009,1,0,0,0,0,0,0,0,0,0,0
inglemartin/2495896,"Martin, Ingle",1,34,74,220,2006,2008,3,1,0,0,0,0,0,0,-5,0,-5
j.t.o'sullivan/2505163,"O'Sullivan, J.T.",1,37,74,232,2002,2010,9,17,145,257,1866,38,13,9,145,0.6923076923076923,0.07770632368703108
jackthompson/2527335,"Thompson, Jack",1,61,75,217,1979,1984,6,51,449,845,5315,85,45,33,262,0.7333333333333333,0.04929444967074318
jacobybrissett/2555261,"Brissett, Jacoby",0,24,76,235,2016,2016,1,3,34,55,400,6,0,0,83,0,0.2075
jakedelhomme/2500361,"Delhomme, Jake",1,42,74,215,1998,2011,14,103,1741,2932,20975,168,101,126,328,1.2475247524752475,0.01563766388557807
jakerudock/2556232,"Rudock, Jake",0,24,75,207,2016,2016,1,0,0,0,0,0,0,0,0,0,0
jameillshowers/2553600,"Showers, Jameill",0,25,74,230,2015,2015,1,0,0,0,0,0,0,0,0,0,0
jameiswinston/2552033,"Winston, Jameis",0,23,76,231,2015,2016,2,32,657,1102,8132,62,33,50,378,1.5151515151515151,0.04648303000491884
jamesharris/2515950,"Harris, James",1,69,76,210,1970,1981,12,79,592,1113,7866,92,58,44,342,0.7586206896551724,0.043478260869565216
jamesritchey/2502676,"Ritchey, James",1,43,74,220,1996,1997,2,1,2,2,15,1,0,0,6,0,0.4
jamiemartin/2501888,"Martin, Jamie",1,47,74,205,1993,2008,16,53,355,541,3814,36,21,20,16,0.9523809523809523,0.004195070791819612
jaredgoff/2555334,"Goff, Jared",0,22,76,215,2016,2016,1,7,112,205,1089,26,7,5,16,0.7142857142857143,0.014692378328741965
jariousjackson/2504292,"Jackson, Jarious",1,40,72,228,2000,2003,4,5,11,22,114,2,1,0,15,0,0.13157894736842105
jasoncampbell/2506364,"Campbell, Jason",1,35,77,235,2005,2014,10,90,1519,2518,16771,170,60,87,1204,1.45,0.07179059090095999
jasonfife/2505741,"Fife, Jason",1,36,76,226,2006,2006,1,0,0,0,0,0,0,0,0,0,0
jasongarrett/2500770,"Garrett, Jason",1,51,74,200,1993,2004,12,40,165,294,2042,20,5,11,11,2.2,0.0053868756121449556
jasongesser/2505383,"Gesser, Jason",1,38,73,204,2003,2003,1,0,0,0,0,0,0,0,0,0,0
jaybarker/2499535,"Barker, Jay",1,45,75,220,1995,1996,2,0,0,0,0,0,0,0,0,0,0
jaycutler/2495824,"Cutler, Jay",0,34,75,231,2006,2016,11,139,2782,4491,32467,302,146,208,1650,1.4246575342465753,0.05082083346166877
jayfiedler/2500619,"Fiedler, Jay",1,45,74,225,1994,2005,12,76,1008,1717,11844,114,66,69,854,1.0454545454545454,0.07210401891252956
jayschroeder/2502859,"Schroeder, Jay",1,55,76,215,1984,1994,11,118,1426,2808,20063,208,108,114,761,1.0555555555555556,0.03793051886557344
jayvenuto/2527934,"Venuto, Jay",1,59,73,197,1981,1981,1,0,0,0,0,0,0,0,0,0,0
jaywalker/2528101,"Walker, Jay",1,45,75,229,1994,1997,4,1,2,2,31,0,0,0,0,0,0
jeffbaker/2499500,"Baker, Jeff",1,42,75,215,1998,1998,1,0,0,0,0,0,0,0,0,0,0
jeffcarlson/2499990,"Carlson, Jeff",1,51,75,215,1990,1992,3,7,49,114,636,14,9,2,57,0.2222222222222222,0.08962264150943396
jeffchristensen/2511457,"Christensen, Jeff",1,57,75,202,1983,1987,5,4,24,58,297,5,3,1,39,0.3333333333333333,0.13131313131313133
jefffrancis/2500696,"Francis, Jeff",1,50,76,215,1990,1992,3,1,2,2,26,0,0,0,0,0,0
jeffgarcia/2500758,"Garcia, Jeff",1,47,73,205,1999,2011,13,125,2264,3676,25537,181,83,161,2140,1.9397590361445782,0.08379997650467949
jeffgeorge/2500788,"George, Jeff",1,49,76,214,1990,2004,15,131,2298,3967,27602,358,113,154,307,1.3628318584070795,0.011122382436055359
jeffkelly/2505197,"Kelly, Jeff",1,37,73,212,2002,2002,1,0,0,0,0,0,0,0,0,0,0
jeffkemp/2501589,"Kemp, Jeff",1,57,72,201,1981,1991,11,95,466,887,6084,67,38,39,438,1.0263157894736843,0.07199211045364892
jeffknapple/2518630,"Knapple, Jeff",1,60,74,200,1980,1980,1,2,1,4,15,0,0,0,0,0,0
jeffkomlo/2518712,"Komlo, Jeff",1,NA,74,200,1979,1983,5,25,218,437,2603,48,28,12,121,0.42857142857142855,0.04648482520169036
jefflewis/2501745,"Lewis, Jeff",1,NA,74,211,1996,2000,5,12,28,54,210,10,2,0,78,0,0.37142857142857144
jeffquinn/2523656,"Quinn, Jeff",1,59,75,205,1982,1982,1,0,0,0,0,0,0,0,0,0,0
jeffvanraaphorst/2527883,"Van Raaphorst, Jeff",1,53,73,210,1987,1987,1,2,18,34,174,3,2,1,6,0.5,0.034482758620689655
jerrygolsteyn/2515026,"Golsteyn, Jerry",1,62,76,207,1977,1984,8,21,92,217,1077,31,13,2,-4,0.15384615384615385,-0.003714020427112349
jerryrhome/2524041,"Rhome, Jerry",1,75,72,190,1970,1971,2,25,71,149,830,10,9,3,25,0.3333333333333333,0.030120481927710843
jerrytagge/2526982,"Tagge, Jerry",1,67,74,220,1972,1974,3,18,136,281,1583,17,17,3,117,0.17647058823529413,0.0739102969046115
jessepalmer/2504732,"Palmer, Jesse",1,38,74,219,2001,2005,5,8,63,120,562,16,4,3,20,0.75,0.03558718861209965
jimballard/2499514,"Ballard, Jim",1,45,75,223,1994,1997,4,0,0,0,0,0,0,0,0,0,0
jimbobtaylor/2527093,"Taylor, Jim Bob",1,57,74,205,1983,1983,1,8,1,2,20,0,1,0,0,0,0
jimdelgaizo/2512747,"Del Gaizo, Jim",1,70,73,198,1972,1975,4,14,35,83,496,7,8,3,14,0.375,0.028225806451612902
jimeverett/2500577,"Everett, Jim",1,54,77,212,1986,1997,12,158,2841,4923,34837,257,175,203,596,1.16,0.017108246978786924
jimfassel/2513863,"Fassel, Jim",1,67,73,210,1972,1972,1,0,0,0,0,0,0,0,0,0,0
jimharbaugh/2501019,"Harbaugh, Jim",1,53,75,215,1987,2001,15,177,2305,3918,26288,361,117,129,2787,1.1025641025641026,0.10601795496043823
jimhart/2516025,"Hart, Jim",1,73,73,215,1970,1984,15,161,2131,4105,27944,230,184,167,131,0.907608695652174,0.004687947323217864
jimkelly/2501579,"Kelly, Jim",1,57,75,226,1986,1996,11,160,2874,4779,35467,323,175,237,1049,1.3542857142857143,0.029576789691826203
jimmygaroppolo/2543801,"Garoppolo, Jimmy",0,25,74,225,2014,2016,3,17,63,94,690,8,0,5,10,5,0.014492753623188406
jimward/2528222,"Ward, Jim",1,72,74,196,1971,1971,1,2,1,1,4,0,0,0,0,0,0
jimzorn/2529688,"Zorn, Jim",1,64,74,200,1976,1987,12,140,1669,3149,21115,213,141,111,1504,0.7872340425531915,0.07122898413450154
joebarnes/2509020,"Barnes, Joe",1,65,71,205,1974,1974,1,3,2,9,29,3,1,0,19,0,0.6551724137931034
joecallahan/2556492,"Callahan, Joe",0,24,73,216,2016,2016,1,0,0,0,0,0,0,0,0,0,0
joeferguson/2513953,"Ferguson, Joe",1,67,73,195,1973,1990,18,186,2369,4519,29817,312,209,196,1217,0.937799043062201,0.04081564208337526
joeflacco/382,"Flacco, Joe",0,32,78,245,2008,2016,9,138,2915,4742,32639,290,117,182,712,1.5555555555555556,0.021814393823340175
joegermaine/2500795,"Germaine, Joe",1,41,74,220,1999,2002,4,3,9,16,136,3,2,1,0,0.5,0
joegilliam/2514891,"Gilliam, Joe",1,NA,74,187,1972,1975,4,19,116,281,1755,9,15,8,43,0.5333333333333333,0.0245014245014245
joehamilton/2504199,"Hamilton, Joe",1,40,70,190,2000,2004,5,1,0,0,0,1,0,0,-2,0,-2
joekapp/2518137,"Kapp, Joe",1,79,74,215,1970,1970,1,11,98,219,1104,27,17,3,71,0.17647058823529413,0.06431159420289854
joenamath/2521943,"Namath, Joe",1,74,74,200,1970,1977,8,71,860,1719,12176,96,116,76,21,0.6551724137931034,0.0017247043363994743
joepisarcik/2523269,"Pisarcik, Joe",1,64,76,220,1977,1984,8,61,425,898,5552,112,48,24,147,0.5,0.026476945244956772
joereed/2523867,"Reed, Joe",1,69,73,195,1972,1979,8,49,225,513,2825,59,31,18,484,0.5806451612903226,0.1713274336283186
joetheismann/2527196,"Theismann, Joe",1,67,72,192,1974,1985,12,167,2044,3602,25206,340,138,160,1815,1.1594202898550725,0.07200666507974292
joewebb/1037347,"Webb, Joe",0,30,76,235,2010,2016,7,70,88,152,853,11,5,3,272,0.6,0.31887456037514655
joeyharrington/2505011,"Harrington, Joey",1,38,76,210,2002,2008,7,81,1424,2538,14693,124,85,79,402,0.9294117647058824,0.027359967331382292
johnbeck/2507171,"Beck, John",1,35,74,217,2007,2012,6,9,140,239,1417,26,7,3,55,0.42857142857142855,0.03881439661256175
johnelway/2500547,"Elway, John",1,56,75,215,1983,1998,16,233,4093,7202,51190,515,223,300,3374,1.345291479820628,0.06591131080289118
johnfourcade/2514290,"Fourcade, John",1,56,73,208,1987,1990,4,24,159,313,2312,27,15,14,302,0.9333333333333333,0.13062283737024222
johnhadl/2515554,"Hadl, John",1,77,73,214,1970,1977,8,108,1093,2103,13880,153,119,96,383,0.8067226890756303,0.02759365994236311
johnmccarthy/2520526,"McCarthy, John",1,56,76,212,1987,1987,1,0,0,0,0,0,0,0,0,0,0
johnnavarre/2506020,"Navarre, John",1,36,78,243,2004,2006,3,2,32,64,342,5,5,2,0,0.4,0
johnnyjohnson/2501432,"Johnson, Johnny",1,44,73,202,1996,1996,1,0,0,0,0,0,0,0,0,0,0
johnnymanziel/2543462,"Manziel, Johnny",0,24,72,210,2014,2015,2,14,147,258,1675,22,7,7,259,1,0.1546268656716418
johnnyunitas/2527792,"Unitas, Johnny",1,NA,73,194,1970,1973,4,39,365,701,4516,60,39,23,36,0.5897435897435898,0.007971656333038087
johnpaci/2502380,"Paci, John",1,44,75,218,1996,1996,1,0,0,0,0,0,0,0,0,0,0
johnpaye/2522896,"Paye, John",1,52,75,205,1988,1988,1,0,0,0,0,0,0,0,0,0,0
johnreaves/2523820,"Reaves, John",1,67,75,210,1972,1987,16,51,286,616,3617,63,34,17,195,0.5,0.053912081835775505
johnwalsh/2503523,"Walsh, John",1,44,76,215,1995,1995,1,0,0,0,0,0,0,0,0,0,0
johnwalton/2528196,"Walton, John",1,69,74,210,1976,1979,4,15,31,65,338,1,3,3,-4,1,-0.011834319526627219
jonathanquinn/2502570,"Quinn, Jonathan",1,42,78,240,1998,2004,7,17,117,223,1161,30,7,4,151,0.5714285714285714,0.13006029285099052
jonkitna/2501630,"Kitna, Jon",1,44,74,220,1997,2013,17,141,2677,4442,29745,323,165,169,956,1.0242424242424242,0.03213985543788872
jordanpalmer/2507237,"Palmer, Jordan",1,33,77,230,2008,2014,7,5,11,18,66,4,2,0,3,0,0.045454545454545456
joshharris/2534538,"Harris, Josh",1,34,73,238,2004,2004,1,0,0,0,0,0,0,0,0,0,0
joshmccown/2505076,"McCown, Josh",0,37,76,218,2002,2016,15,82,1254,2121,14242,189,69,79,952,1.144927536231884,0.06684454430557506
joshuanesbitt/2530723,"Nesbitt, Joshua",1,29,73,213,2011,2011,1,0,0,0,0,0,0,0,0,0,0
keithnull/238471,"Null, Keith",1,31,76,219,2009,2010,2,4,73,119,566,13,9,3,6,0.3333333333333333,0.01060070671378092
kellenclemens/2506895,"Clemens, Kellen",0,34,74,220,2006,2016,11,56,344,630,4017,66,20,16,232,0.8,0.05775454319143639
kellenmoore/2532917,"Moore, Kellen",0,27,72,200,2012,2015,4,3,61,104,779,5,6,4,-1,0.6666666666666666,-0.0012836970474967907
kenanderson/2508498,"Anderson, Ken",1,68,74,212,1971,1986,16,192,2654,4475,32838,398,160,197,2220,1.23125,0.06760460442170656
kenjohnson/2517690,"Johnson, Ken",1,66,74,205,1977,1977,1,0,0,0,0,0,0,0,0,0,0
kenkarcher/2518144,"Karcher, Ken",1,53,75,205,1987,1988,2,4,62,114,756,5,4,6,3,1.5,0.003968253968253968
keno'brien/2502323,"O'Brien, Ken",1,56,76,210,1983,1993,11,128,2083,3554,24806,350,97,128,394,1.3195876288659794,0.01588325405143917
kentnix/2522175,"Nix, Kent",1,73,74,195,1970,1972,3,21,84,201,1047,17,16,9,15,0.5625,0.014326647564469915
kerwinbell/2499604,"Bell, Kerwin",1,51,75,210,1988,1997,10,1,5,5,75,0,0,1,-1,1,-0.013333333333333334
kevindaft/2500269,"Daft, Kevin",1,41,73,207,1999,2001,3,0,0,0,0,0,0,0,0,0,0
keviningram/2517164,"Ingram, Kevin",1,55,72,178,1987,1987,1,2,1,2,5,1,0,1,14,1,2.8
kevinkolb/2507169,"Kolb, Kevin",1,32,75,218,2007,2012,6,34,449,755,5206,77,25,28,229,1.12,0.043987706492508646
kevino'connell/371,"O'Connell, Kevin",1,32,77,225,2008,2011,4,2,4,6,23,1,0,0,-6,0,-0.2608695652173913
kevinthompson/2504035,"Thompson, Kevin",1,39,77,236,2000,2000,1,1,1,1,8,0,0,0,0,0,0
kimhammond/2515715,"Hammond, Kim",1,72,73,190,1970,1970,1,0,0,0,0,0,0,0,0,0,0
kirkcousins/2532820,"Cousins, Kirk",0,28,75,210,2012,2016,5,46,1025,1556,12113,65,42,72,200,1.7142857142857142,0.016511186328737718
kirkfarmer/2505406,"Farmer, Kirk",1,37,77,218,2003,2003,1,0,0,0,0,0,0,0,0,0,0
kliffkingsbury/2505539,"Kingsbury, Kliff",1,37,75,220,2005,2005,1,1,1,2,17,0,0,0,0,0,0
koydetmer/2500378,"Detmer, Koy",1,43,73,195,1998,2005,8,103,184,354,1944,12,14,10,30,0.7142857142857143,0.015432098765432098
kurtkittner/2505140,"Kittner, Kurt",1,37,74,211,2002,2005,4,7,44,114,391,5,6,2,13,0.3333333333333333,0.03324808184143223
kurtwarner/2503540,"Warner, Kurt",1,45,74,214,1998,2009,12,124,2666,4070,32344,260,128,208,286,1.625,0.008842443729903537
kylemackey/2519921,"Mackey, Kyle",1,55,75,220,1984,1989,6,7,68,134,729,7,6,3,101,0.5,0.13854595336076816
kyleorton/2506444,"Orton, Kyle",1,34,76,228,2005,2014,10,87,1613,2712,18037,165,69,101,296,1.463768115942029,0.016410711315628986
landryjones/2539287,"Jones, Landry",0,28,76,225,2013,2016,4,15,85,141,1071,6,6,7,-9,1.1666666666666667,-0.008403361344537815
langcampbell/2506286,"Campbell, Lang",1,35,73,199,2006,2006,1,0,0,0,0,0,0,0,0,0,0
larrycipa/2511498,"Cipa, Larry",1,65,75,209,1974,1975,2,8,34,92,424,7,3,1,37,0.3333333333333333,0.08726415094339622
larryfortner/2514263,"Fortner, Larry",1,61,76,209,1979,1980,2,0,0,0,0,0,0,0,0,0,0
larrylawrence/2519183,"Lawrence, Larry",1,NA,73,208,1974,1976,3,9,9,31,79,6,4,0,36,0,0.45569620253164556
leesaltz/2502811,"Saltz, Lee",1,53,73,200,1992,1992,1,0,0,0,0,0,0,0,0,0,0
lendawson/2512662,"Dawson, Len",1,81,72,190,1970,1975,6,71,751,1284,9196,143,56,53,206,0.9464285714285714,0.02240104393214441
leohart/2516029,"Hart, Leo",1,68,75,203,1971,1972,2,3,6,16,53,4,3,0,19,0,0.3584905660377358
loganthomas/2543767,"Thomas, Logan",0,25,78,250,2014,2016,3,2,1,9,81,2,0,1,0,1,0
lukemccown/2506053,"McCown, Luke",0,35,76,217,2004,2016,13,62,216,356,2370,34,15,9,177,0.6,0.07468354430379746
lynndickey/2512900,"Dickey, Lynn",1,67,75,214,1971,1985,15,149,1690,3020,22609,292,173,139,105,0.8034682080924855,0.004644168251581229
marcusmariota/2552466,"Mariota, Marcus",0,23,76,222,2015,2016,2,27,506,821,6244,61,19,45,601,2.3684210526315788,0.09625240230621397
markhartsell/2501071,"Hartsell, Mark",1,43,76,225,2000,2000,1,1,0,1,0,0,0,0,0,0,0
markmalone/2520038,"Malone, Mark",1,58,76,223,1980,1989,10,73,839,1648,10175,86,81,60,628,0.7407407407407407,0.06171990171990172
markmanges/2520057,"Manges, Mark",1,61,74,210,1978,1978,1,1,0,0,0,0,0,0,0,0,0
markreed/2523870,"Reed, Mark",1,58,75,201,1982,1984,3,1,6,10,34,0,1,0,27,0,0.7941176470588235
markvlasic/2503477,"Vlasic, Mark",1,53,75,206,1987,1993,7,15,75,142,762,6,5,4,-1,0.8,-0.0013123359580052493
mattcassel/2506562,"Cassel, Matt",0,35,76,228,2005,2016,12,103,1546,2624,17287,201,79,103,1012,1.3037974683544304,0.05854110024874183
mattcavanaugh/2500034,"Cavanaugh, Matt",1,60,74,212,1978,1991,14,111,301,568,4260,60,29,28,210,0.9655172413793104,0.04929577464788732
mattflynn/367,"Flynn, Matt",0,31,74,225,2008,2015,8,51,219,357,2541,39,11,17,69,1.5454545454545454,0.02715466351829988
matthasselbeck/2501078,"Hasselbeck, Matt",0,41,76,235,1999,2015,17,209,3222,5330,36638,360,153,212,1231,1.3856209150326797,0.03359899557836126
matthewstafford/79860,"Stafford, Matthew",0,29,75,226,2009,2016,8,109,2634,4285,30303,242,108,187,851,1.7314814814814814,0.028083028083028084
mattkofler/2518686,"Kofler, Matt",1,NA,75,192,1982,1985,4,41,91,202,1156,33,11,7,159,0.6363636363636364,0.1375432525951557
mattleinart/2506878,"Leinart, Matt",1,34,77,225,2006,2012,7,33,366,641,4065,30,21,15,89,0.7142857142857143,0.02189421894218942
mattmauck/2505966,"Mauck, Matt",1,38,74,220,2004,2005,2,2,15,27,136,1,1,0,39,0,0.2867647058823529
mattmcgloin/2542065,"McGloin, Matt",0,27,73,210,2013,2016,4,13,161,277,1868,9,11,11,27,1,0.014453961456102784
mattmoore/2507282,"Moore, Matt",0,32,75,225,2007,2016,10,45,508,856,6077,67,31,41,84,1.3225806451612903,0.013822609840381767
mattryan/310,"Ryan, Matt",0,32,76,217,2008,2016,9,142,3288,5064,37701,255,114,240,880,2.1052631578947367,0.023341555926898492
mattschaub/2505982,"Schaub, Matt",0,35,78,245,2004,2016,13,145,2093,3274,24867,178,90,133,360,1.4777777777777779,0.014477017734346724
mattsimms/2534889,"Simms, Matt",1,28,75,210,2013,2014,2,4,19,39,195,4,1,1,39,1,0.2
maxhall/497112,"Hall, Max",1,31,73,205,2010,2010,1,6,39,78,370,14,6,1,-5,0.16666666666666666,-0.013513513513513514
mikecherry/2500057,"Cherry, Mike",1,43,76,225,1997,2000,4,2,0,1,0,1,0,0,-5,0,-5
mikeelkins/2500531,"Elkins, Mike",1,50,75,221,1989,1992,4,1,1,2,5,0,1,0,0,0,0
mikeernst/2513692,"Ernst, Mike",1,66,73,190,1972,1974,3,2,1,4,10,0,0,0,4,0,0.4
mikeford/2514231,"Ford, Mike",1,58,75,220,1981,1982,2,0,0,0,0,0,0,0,0,0,0
mikeglennon/2539275,"Glennon, Mike",0,27,78,225,2013,2016,4,21,374,630,4100,56,15,30,86,2,0.020975609756097562
mikekafka/497117,"Kafka, Mike",1,29,75,230,2010,2014,5,4,11,16,107,1,2,0,0,0,0
mikekelley/2518271,"Kelley, Mike",1,57,75,195,1987,1987,1,3,17,29,305,1,0,1,17,1,0.05573770491803279
mikekerrigan/2518378,"Kerrigan, Mike",1,57,75,205,1983,1984,2,2,7,15,85,0,1,0,14,0,0.16470588235294117
mikekirkland/2518558,"Kirkland, Mike",1,62,73,195,1976,1978,3,16,19,41,211,11,8,1,35,0.125,0.16587677725118483
mikemachurek/2519904,"Machurek, Mike",1,56,73,205,1982,1984,3,4,14,43,193,1,6,0,9,0,0.046632124352331605
mikenorseth/2502307,"Norseth, Mike",1,52,74,200,1987,1990,4,1,0,0,0,0,0,0,5,0,5
mikenott/2522285,"Nott, Mike",1,65,75,203,1976,1976,1,1,4,10,46,1,0,0,0,0,0
mikepagel/2522660,"Pagel, Mike",1,56,74,201,1982,1993,12,130,733,1470,9203,112,63,48,800,0.7619047619047619,0.0869281755949147
mikepawlawski/2502430,"Pawlawski, Mike",1,47,73,205,1992,1992,1,0,0,0,0,0,0,0,0,0,0
mikephipps/2523199,"Phipps, Mike",1,69,75,208,1970,1981,12,117,863,1751,10243,163,105,54,1255,0.5142857142857142,0.12252269842819487
mikequinn/2502571,"Quinn, Mike",1,43,76,216,1997,2003,7,4,2,3,20,0,0,0,-6,0,-0.3
mikerae/2523687,"Rae, Mike",1,65,72,193,1976,1981,6,28,124,249,1536,59,14,12,300,0.8571428571428571,0.1953125
mikereilly/2507592,"Reilly, Mike",1,32,75,212,2009,2009,1,0,0,0,0,0,0,0,0,0,0
miketaliaferro/2526999,"Taliaferro, Mike",1,75,74,202,1970,1972,3,16,94,206,1047,21,15,5,30,0.3333333333333333,0.02865329512893983
miketeel/237678,"Teel, Mike",1,31,75,230,2009,2009,1,0,0,0,0,0,0,0,0,0,0
miketomczak/2503373,"Tomczak, Mike",1,54,73,210,1985,1999,15,185,1248,2337,16079,114,106,88,526,0.8301886792452831,0.032713477206293924
mikevick/2504531,"Vick, Mike",0,36,72,210,2001,2015,15,143,1807,3217,22464,316,88,133,6109,1.5113636363636365,0.27194622507122507
mikewells/2528512,"Wells, Mike",1,65,77,225,1975,1977,3,7,0,0,0,0,0,0,0,0,0
natedavis/80634,"Davis, Nate",1,30,73,226,2009,2009,1,0,0,0,0,0,0,0,0,0,0
natesudfeld/2555427,"Sudfeld, Nate",0,23,78,235,2016,2016,1,0,0,0,0,0,0,0,0,0,0
nathanenderle/2495149,"Enderle, Nathan",1,29,76,240,2011,2011,1,0,0,0,0,0,0,0,0,0,0
nealjeffrey/2517462,"Jeffrey, Neal",1,63,73,180,1976,1977,2,5,2,2,11,0,0,0,0,0,0
neilgraff/2515140,"Graff, Neil",1,67,75,205,1974,1978,5,29,25,48,288,5,3,2,5,0.6666666666666666,0.017361111111111112
neilo'donnell/2502324,"O'Donnell, Neil",1,50,75,228,1990,2003,14,125,1865,3229,21690,259,68,120,446,1.7647058823529411,0.020562471184877824
nickfoles/2532842,"Foles, Nick",0,28,78,243,2012,2016,5,42,776,1285,9215,75,27,56,347,2.074074074074074,0.03765599565925122
norrisweese/2528452,"Weese, Norris",1,NA,73,195,1976,1979,4,57,143,251,1887,36,14,7,362,0.5,0.19183889772125065
parnelldickinson/2512906,"Dickinson, Parnell",1,64,74,185,1976,1976,1,8,15,39,210,14,5,1,103,0.2,0.49047619047619045
patbarnes/2499545,"Barnes, Pat",1,42,75,215,1997,1999,3,1,0,0,0,0,0,0,0,0,0
patdevlin/2530762,"Devlin, Pat",0,29,75,220,2011,2015,5,0,0,0,0,0,0,0,0,0,0
pathaden/2515552,"Haden, Pat",1,64,71,182,1976,1981,6,64,720,1341,9160,114,58,52,594,0.896551724137931,0.0648471615720524
pato'hara/2502326,"O'Hara, Pat",1,48,75,205,1991,1991,1,0,0,0,0,0,0,0,0,0,0
patrickramsey/2505223,"Ramsey, Patrick",1,38,74,225,2002,2010,9,37,511,913,5930,79,30,35,89,1.1666666666666667,0.015008431703204048
paulkelly/2518298,"Kelly, Paul",1,53,73,205,1987,1987,1,0,0,0,0,0,0,0,0,0,0
paxtonlynch/2555316,"Lynch, Paxton",0,23,79,244,2016,2016,1,3,49,83,497,9,1,2,25,2,0.05030181086519115
perryklein/2501632,"Klein, Perry",1,46,74,218,1994,1995,2,2,0,1,0,2,0,0,0,0,0
petebeathard/2509249,"Beathard, Pete",1,75,73,200,1970,1975,6,34,107,247,1675,18,20,11,45,0.55,0.026865671641791045
petegonzalez/2500834,"Gonzalez, Pete",1,42,73,216,1998,1999,2,1,1,1,8,0,0,0,-3,0,-0.375
peteliske/2519570,"Liske, Pete",1,75,75,200,1970,1972,3,36,298,593,3858,47,31,20,81,0.6451612903225806,0.020995334370139968
peytonmanning/2501863,"Manning, Peyton",0,41,77,230,1998,2015,18,266,6125,9380,71940,303,251,539,667,2.147410358565737,0.009271615234917987
philiprivers/2506121,"Rivers, Philip",0,35,77,228,2004,2016,13,180,3811,5917,45833,362,156,314,575,2.0128205128205128,0.012545545785787532
prestonparsons/2504971,"Parsons, Preston",1,38,76,235,2002,2003,2,0,0,0,0,0,0,0,0,0,0
quincycarter/2504658,"Carter, Quincy",1,39,74,217,2001,2004,4,38,542,960,6337,80,37,32,518,0.8648648648648649,0.08174214928199464
r.j.archer/2508608,"Archer, R.J.",1,29,74,220,2010,2010,1,0,0,0,0,0,0,0,0,0,0
randydean/2512687,"Dean, Randy",1,61,75,195,1977,1979,3,23,30,65,279,5,5,1,150,0.2,0.5376344086021505
randyfasani/2505123,"Fasani, Randy",1,38,75,234,2002,2002,1,4,15,44,171,7,4,0,95,0,0.5555555555555556
randyjohnson/2517740,"Johnson, Randy",1,NA,75,205,1970,1976,7,33,252,454,3234,54,33,19,135,0.5757575757575758,0.041743970315398886
richardbartel/2507299,"Bartel, Richard",1,34,76,230,2008,2011,4,3,26,50,236,3,2,1,9,0.5,0.038135593220338986
richardtodd/2527483,"Todd, Richard",1,63,74,207,1976,1986,11,118,1582,2928,20300,262,160,120,926,0.75,0.04561576354679803
richcampbell/2510991,"Campbell, Rich",1,58,76,224,1981,1984,4,7,31,68,386,7,9,3,2,0.3333333333333333,0.0051813471502590676
richgannon/2500754,"Gannon, Rich",1,51,75,210,1987,2004,18,157,2533,4206,28743,302,104,180,2449,1.7307692307692308,0.08520335386007027
rickarrington/2508672,"Arrington, Rick",1,70,74,200,1970,1973,4,16,93,192,921,18,8,3,58,0.375,0.06297502714440825
rickneuheisel/2522074,"Neuheisel, Rick",1,56,73,190,1987,1987,1,3,40,59,367,10,1,1,41,1,0.11171662125340599
ricknorton/2522275,"Norton, Rick",1,NA,74,200,1970,1970,1,1,3,5,64,2,0,1,0,1,0
rickyray/2504760,"Ray, Ricky",1,37,75,208,2001,2004,4,0,0,0,0,0,0,0,0,0,0
robertgriffiniii/2533033,"Griffin III, Robert",0,27,74,218,2012,2016,5,42,766,1210,8983,123,26,42,1670,1.6153846153846154,0.18590671267950573
robjohnson/2501452,"Johnson, Rob",1,44,76,212,1995,2003,9,48,494,806,5795,140,23,30,877,1.3043478260869565,0.15133735979292492
rodneypeete/2502436,"Peete, Rodney",1,51,72,230,1989,2004,16,104,1344,2346,16338,244,92,76,1139,0.8260869565217391,0.06971477537030236
rohandavey/2505108,"Davey, Rohan",1,38,74,245,2002,2005,4,7,8,19,88,0,0,0,-5,0,-0.056818181818181816
romangabriel/2514517,"Gabriel, Roman",1,76,77,220,1970,1977,8,91,1163,2167,13402,146,69,90,304,1.3043478260869565,0.022683181614684376
ronjaworski/2517443,"Jaworski, Ron",1,66,74,196,1974,1989,16,187,2167,4078,27936,359,162,178,859,1.0987654320987654,0.03074885452462772
rudycarpenter/81280,"Carpenter, Rudy",1,31,74,215,2009,2011,3,1,0,0,0,0,0,0,0,0,0
russellwilson/2532975,"Wilson, Russell",0,28,71,215,2012,2016,5,80,1476,2281,18193,205,45,127,2689,2.8222222222222224,0.1478041004782059
russjensen/2517516,"Jensen, Russ",1,55,74,215,1985,1985,1,0,0,0,0,0,0,0,0,0,0
rustylisch/2519566,"Lisch, Rusty",1,60,75,213,1980,1984,5,30,55,115,547,19,11,1,130,0.09090909090909091,0.2376599634369287
ryanfitzpatrick/2506581,"Fitzpatrick, Ryan",0,34,74,223,2005,2016,12,127,2315,3876,25888,224,133,166,1999,1.2481203007518797,0.0772172435105068
ryangriffin/2541185,"Griffin, Ryan",0,27,77,210,2013,2016,4,0,0,0,0,0,0,0,0,0,0
ryanleaf/2501708,"Leaf, Ryan",1,41,77,235,1998,2001,4,25,317,655,3666,65,36,14,127,0.3888888888888889,0.03464266230223677
ryanlindley/2532894,"Lindley, Ryan",0,27,75,232,2012,2015,4,10,140,274,1372,18,11,3,7,0.2727272727272727,0.00510204081632653
ryanmallett/2495443,"Mallett, Ryan",0,29,78,250,2011,2016,6,19,181,329,1779,7,10,7,-2,0.7,-0.0011242270938729624
ryannassib/2539961,"Nassib, Ryan",0,27,74,223,2013,2016,4,5,9,10,128,2,0,1,-3,1,-0.0234375
ryantannehill/2532956,"Tannehill, Ryan",0,28,76,216,2012,2016,5,77,1653,2637,18455,213,66,106,1065,1.606060606060606,0.05770793822812246
samadkins/2508248,"Adkins, Sam",1,62,74,214,1977,1982,6,11,17,39,232,9,4,2,63,0.5,0.27155172413793105
sammygarza/2514687,"Garza, Sammy",1,51,73,184,1987,1987,1,2,11,20,183,1,2,1,31,0.5,0.16939890710382513
sandyosiecki/2522571,"Osiecki, Sandy",1,57,77,202,1984,1984,1,4,7,17,64,1,1,0,-2,0,-0.03125
scottcampbell/2510992,"Campbell, Scott",1,55,72,196,1984,1990,7,45,224,454,2983,46,25,19,170,0.76,0.0569896077774053
scottotis/2502370,"Otis, Scott",1,44,77,230,1996,1996,1,0,0,0,0,0,0,0,0,0,0
scottsecules/2502888,"Secules, Scott",1,52,75,220,1988,1993,6,57,108,204,1311,9,14,4,136,0.2857142857142857,0.10373760488176964
scotttinsley/2527454,"Tinsley, Scott",1,57,74,195,1987,1987,1,3,48,86,637,6,4,3,2,0.75,0.0031397174254317113
scotttolzien/2495425,"Tolzien, Scott",0,29,74,213,2011,2016,6,9,79,128,937,7,7,2,55,0.2857142857142857,0.05869797225186766
scottzolak/2503861,"Zolak, Scott",1,49,77,235,1992,1999,8,55,124,248,1314,25,7,8,81,1.1428571428571428,0.06164383561643835
seancanfield/497104,"Canfield, Sean",1,30,76,223,2010,2011,2,0,0,0,0,0,0,0,0,0,0
seankeenan/2504042,"Keenan, Sean",1,40,75,208,2000,2000,1,0,0,0,0,0,0,0,0,0,0
seanmannion/2552576,"Mannion, Sean",0,25,78,233,2015,2016,2,2,9,13,50,0,1,0,-1,0,-0.02
seanpayton/2522906,"Payton, Sean",1,53,71,200,1987,1987,1,3,8,23,79,7,1,0,28,0,0.35443037974683544
seansalisbury/2502809,"Salisbury, Sean",1,54,77,225,1986,1996,11,40,318,577,3824,43,19,19,15,1,0.003922594142259414
senecawallace/2505562,"Wallace, Seneca",1,36,71,205,2003,2013,11,64,468,788,4947,59,19,31,293,1.631578947368421,0.059227814837275114
shanematthews/2501913,"Matthews, Shane",1,47,75,199,1993,2006,14,31,492,839,4756,34,24,31,101,1.2916666666666667,0.021236333052985702
shaunhill/2504833,"Hill, Shaun",0,37,75,230,2002,2016,15,49,757,1225,8295,84,30,49,326,1.6333333333333333,0.03930078360458107
shaunking/2501619,"King, Shaun",1,40,73,228,1999,2004,6,34,415,738,4566,61,24,27,454,1.125,0.0994305738063951
shawnhalloran/2515667,"Halloran, Shawn",1,53,76,217,1987,1987,1,3,18,42,263,5,1,0,-9,0,-0.034220532319391636
stangelbaugh/2500785,"Gelbaugh, Stan",1,54,75,215,1986,1996,11,20,192,391,2100,46,22,10,108,0.45454545454545453,0.05142857142857143
stefanlefors/2506458,"LeFors, Stefan",1,36,72,201,2005,2005,1,0,0,0,0,0,0,0,0,0,0
stephenmorris/2550376,"Morris, Stephen",0,24,74,218,2014,2016,3,0,0,0,0,0,0,0,0,0,0
stevebartkowski/2509103,"Bartkowski, Steve",1,64,76,213,1975,1986,12,129,1932,3456,24124,356,144,156,239,1.0833333333333333,0.009907146410213894
stevedeberg/2500356,"DeBerg, Steve",1,63,75,230,1977,1998,22,204,2840,4950,33720,287,200,194,186,0.97,0.005516014234875445
stevedils/2512939,"Dils, Steve",1,61,73,190,1979,1989,11,106,504,972,5816,80,32,27,71,0.84375,0.012207702888583218
stevejoachim/2517543,"Joachim, Steve",1,65,75,215,1976,1976,1,1,0,0,0,0,0,0,0,0,0
stevematthews/2501914,"Matthews, Steve",1,46,75,228,1996,1998,3,3,28,43,299,1,0,0,10,0,0.033444816053511704
stevepelluer/2502440,"Pelluer, Steve",1,54,76,204,1984,1991,8,64,546,970,6854,79,39,29,840,0.7435897435897436,0.12255617157864021
stevepisarkiewicz/2523270,"Pisarkiewicz, Steve",1,63,74,205,1977,1980,4,10,64,143,804,17,7,3,19,0.42857142857142855,0.0236318407960199
steveramsey/2523725,"Ramsey, Steve",1,70,74,210,1970,1976,7,53,450,909,6375,108,57,33,108,0.5789473684210527,0.016941176470588234
stevetensi/2527158,"Tensi, Steve",1,74,77,215,1970,1970,1,7,38,80,539,6,8,3,14,0.375,0.025974025974025976
stevewalsh/2503524,"Walsh, Steve",1,50,75,215,1989,1999,11,80,713,1317,7875,40,50,40,47,0.8,0.005968253968253968
steveyoung/2503843,"Young, Steve",1,55,74,215,1985,1999,15,169,2667,4149,33124,358,107,232,4239,2.1682242990654204,0.12797367467697138
stoneycase/2500026,"Case, Stoney",1,44,75,201,1995,2000,6,20,163,318,1826,39,15,4,270,0.26666666666666666,0.14786418400876233
t.j.yates/2508123,"Yates, T.J.",0,30,76,217,2011,2016,6,18,132,227,1534,23,8,6,56,0.75,0.03650586701434159
tarvarisjackson/2495863,"Jackson, Tarvaris",0,34,74,225,2006,2015,10,59,640,1073,7263,90,35,39,636,1.1142857142857143,0.0875671210243701
taylorheinicke/2553656,"Heinicke, Taylor",0,24,73,210,2015,2016,2,0,0,0,0,0,0,0,0,0,0
teddybridgewater/2543465,"Bridgewater, Teddy",0,24,74,215,2014,2015,2,29,551,849,6150,83,21,28,401,1.3333333333333333,0.06520325203252032
teemartin/2504246,"Martin, Tee",1,38,74,225,2000,2003,4,3,6,16,69,1,1,0,36,0,0.5217391304347826
terryhanratty/2515763,"Hanratty, Terry",1,69,73,210,1970,1976,7,42,113,305,1794,14,22,16,-7,0.7272727272727273,-0.0039018952062430325
terrynugent/2522302,"Nugent, Terry",1,55,76,218,1984,1987,4,1,3,5,47,1,0,0,1,0,0.02127659574468085
thadlewis/497121,"Lewis, Thad",0,29,74,219,2010,2015,6,7,115,189,1296,21,4,5,55,1.25,0.04243827160493827
timhasselbeck/2504361,"Hasselbeck, Tim",1,39,73,214,2002,2007,6,12,95,177,1012,9,7,5,37,0.7142857142857143,0.036561264822134384
timrattay/2504237,"Rattay, Tim",1,40,72,200,2000,2007,8,40,432,714,4853,63,23,31,77,1.3478260869565217,0.015866474345765505
timriordan/2524208,"Riordan, Tim",1,56,73,185,1987,1987,1,1,0,1,0,0,0,0,3,0,3
timtebow/497135,"Tebow, Tim",1,29,75,245,2010,2012,3,35,173,361,2422,41,9,17,989,1.8888888888888888,0.4083402146985962
timvangalder/2527866,"Van Galder, Tim",1,73,74,200,1971,1973,3,4,33,65,328,7,5,1,17,0.2,0.051829268292682924
toddmarinovich/2520146,"Marinovich, Todd",1,47,76,220,1991,1992,2,8,104,205,1345,20,9,8,44,0.8888888888888888,0.03271375464684015
toddphilcox/2502469,"Philcox, Todd",1,50,76,218,1990,1997,8,15,85,173,1138,18,11,7,10,0.6363636363636364,0.008787346221441126
toddsantos/2524913,"Santos, Todd",1,53,74,207,1988,1988,1,0,0,0,0,0,0,0,0,0,0
tombrady/2504211,"Brady, Tom",0,39,76,225,2000,2016,17,237,5244,8224,61582,417,152,456,940,3,0.015264200578091
tomflick/2514150,"Flick, Tom",1,58,74,190,1981,1987,7,21,47,106,506,10,10,2,5,0.2,0.009881422924901186
tommymaddox/2501842,"Maddox, Tommy",1,45,76,219,1992,2005,14,92,686,1200,8087,94,54,48,128,0.8888888888888888,0.015827871893161864
tomowen/2522607,"Owen, Tom",1,64,73,195,1974,1983,10,26,170,349,2300,40,26,14,36,0.5384615384615384,0.01565217391304348
tomramsey/2523726,"Ramsey, Tom",1,55,73,189,1985,1989,5,28,108,214,1285,20,10,7,82,0.7,0.06381322957198443
tomsavage/2543640,"Savage, Tom",0,27,76,230,2014,2016,3,5,56,92,588,6,1,0,6,0,0.01020408163265306
tonyadams/2508191,"Adams, Tony",1,67,72,198,1975,1987,13,53,212,408,2733,59,27,12,155,0.4444444444444444,0.056714233443102814
tonybanks/2499522,"Banks, Tony",1,44,76,229,1996,2005,10,96,1278,2356,15315,227,73,77,881,1.0547945205479452,0.05752530199151159
tonyeason/2513415,"Eason, Tony",1,57,76,212,1983,1990,8,90,911,1564,11142,177,51,61,503,1.196078431372549,0.04514449829474062
tonypike/497125,"Pike, Tony",1,31,78,222,2010,2010,1,1,6,12,47,1,0,0,0,0,0
tonysacca/2524778,"Sacca, Tony",1,47,77,234,1992,1993,2,2,4,11,29,0,2,0,0,0,0
trentdilfer/2500392,"Dilfer, Trent",1,45,76,247,1994,2007,14,130,1759,3172,20518,263,129,113,853,0.875968992248062,0.04157325275367969
trentedwards/2507189,"Edwards, Trent",1,33,76,230,2007,2012,6,38,563,929,6033,69,30,26,330,0.8666666666666667,0.05469915464942814
trevoneboykin/2556477,"Boykin, Trevone",0,23,72,213,2016,2016,1,5,13,18,145,1,1,1,1,1,0.006896551724137931
trevorsiemian/2553457,"Siemian, Trevor",0,25,75,220,2015,2016,2,15,289,486,3401,31,10,18,56,1.8,0.016465745369009115
troyaikman/2499369,"Aikman, Troy",1,50,76,220,1989,2000,12,165,2898,4715,32942,259,141,165,1016,1.1702127659574468,0.030842086090704875
troytaylor/2503269,"Taylor, Troy",1,49,76,200,1990,1991,2,7,12,20,125,2,1,2,43,2,0.344
turkschonert/2525100,"Schonert, Turk",1,60,73,191,1980,1989,10,72,311,504,3788,64,20,11,288,0.55,0.07602956705385427
tydetmer/2500379,"Detmer, Ty",1,49,72,189,1992,2005,14,54,546,946,6351,67,35,34,177,0.9714285714285714,0.027869626830420408
tylerbray/2540173,"Bray, Tyler",0,25,78,215,2013,2016,4,0,0,0,0,0,0,0,0,0,0
tylerpalko/2507140,"Palko, Tyler",1,33,73,215,2007,2011,5,8,84,140,831,13,7,2,20,0.2857142857142857,0.024067388688327317
tylerthigpen/2507244,"Thigpen, Tyler",1,33,73,216,2007,2014,8,29,275,509,3222,35,18,21,469,1.1666666666666667,0.14556176288019865
tyrodtaylor/2495240,"Taylor, Tyrod",0,27,73,215,2011,2016,6,43,531,852,6257,83,14,37,1284,2.642857142857143,0.2052101646156305
vinceevans/2500575,"Evans, Vince",1,61,74,215,1977,1995,19,100,704,1390,9485,118,74,52,1129,0.7027027027027027,0.11903004744333158
vinceferragamo/2513967,"Ferragamo, Vince",1,63,75,212,1977,1986,10,75,902,1615,11336,94,91,76,77,0.8351648351648352,0.006792519407198307
vinceyoung/2506875,"Young, Vince",1,34,77,232,2006,2011,6,60,755,1304,8964,83,51,46,1459,0.9019607843137255,0.16276215975011155
vinnytestaverde/2503284,"Testaverde, Vinny",1,53,77,233,1987,2007,21,232,3768,6669,46093,415,265,274,1612,1.0339622641509434,0.0349727724383312
virgilcarter/2511213,"Carter, Virgil",1,71,73,192,1970,1976,7,42,334,592,3951,41,21,23,356,1.0952380952380953,0.09010377119716527
wallyrichardson/2502656,"Richardson, Wally",1,43,76,225,1997,1999,3,1,1,2,1,0,0,0,0,0,0
williegillus/2514902,"Gillus, Willie",1,53,76,215,1987,1987,1,1,2,5,28,3,0,0,0,0,0
